<?xml version="1.0" encoding="UTF-8"?>
<?xml-stylesheet type="text/xsl" href="configuration.xsl"?>

<configuration>
<property>
<name>dfs.replication</name>
<value>1</value>
</property>
<property>
<name>dfs.blocksize</name>
<value>67108864</value>
</property>
<property>
<name>dfs.namenode.name.dir</name>
<value>file:///home/hadoop/lab/cluster/hdfs/nn</value>
</property>
<property>
<name>fs.checkpoint.dir</name>
<value>file:///home/hadoop/lab/cluster/hdfs/snn</value>
</property>
<property>
<name>dfs.namenode.checkpoint.period</name>
<value>3600</value>
</property>
<property>
<name>dfs.datanode.data.dir</name>
<value>file:///home/hadoop/lab/cluster/hdfs/dn</value>
</property>
<property>
<name>dfs.namenode.secondary.http-address</name>
<value>hadooplab.bigdataleap.com:50090</value>
</property>
</configuration>

