<?xml version="1.0" encoding="UTF-8"?>
<?xml-stylesheet type="text/xsl" href="configuration.xsl"?>

<configuration>
<property>
	<name>mapreduce.framework.name</name>
	<value>yarn</value>
</property>
<property>
	<name>mapreduce.cluster.local.dir</name>
	<value>/home/hadoop/lab/cluster/mr/local</value>
</property>
<property>
	<name>mapreduce.map.memory.mb</name>
	<value>300</value>
</property>
<property>
	<name>mapreduce.reduce.memory.mb</name>
	<value>300</value>
</property>
<property>
	<name>mapreduce.map.java.opts</name>
	<value>-Xmx300m</value>
</property>
<property>
	<name>mapreduce.reduce.java.opts</name>
	<value>-Xmx300m</value>
</property>
<property>
	<name>mapreduce.jobhistory.webapp.address</name>
	<value>hadooplab.bigdataleap.com:19888</value>
</property>
<property>
	<name>mapreduce.map.log.level</name>
	<value>INFO</value>
</property>
<property>
	<name>mapreduce.reduce.log.level</name>
	<value>INFO</value>
</property>
<property>
	<name>yarn.app.mapreduce.am.resource.mb</name>
	<value>300</value>
</property>
<property>
        <name>mapreduce.cluster.administrators</name>
        <value>hadoop</value>
</property>
<property>
        <name>mapreduce.reduce.log.level</name>
        <value>INFO</value>
</property>
<property>
        <name>mapreduce.map.log.level</name>
        <value>INFO</value>
</property>
</configuration>
