<workflow-app xmlns="uri:oozie:workflow:0.2" name="sqoop-wf">
    <start to="fs-node"/>
	<action name="fs-node">
        <fs>                   
            <delete path='${nameNode}/lab/oozie/custs'></delete>			
        </fs>
        <ok to="sqoop-node"/>
        <error to="fail"/>
    </action>
    <action name="sqoop-node">
        <sqoop xmlns="uri:oozie:sqoop-action:0.2">
            <job-tracker>${jobTracker}</job-tracker>
            <name-node>${nameNode}</name-node>   
            <command>import --connect jdbc:mysql://hadooplab.bigdataleap.com/lab --table customers --username root --password hadoop123 --target-dir ${nameNode}/lab/oozie/custs -m 1</command>			
        </sqoop>
        <ok to="pig-node"/>
        <error to="fail"/>
    </action>
    <action name="pig-node">
        <pig>
            <job-tracker>${jobTracker}</job-tracker>
            <name-node>${nameNode}</name-node>
            <prepare>
                <delete path="${nameNode}/lab/oozie/top10"/>
            </prepare>
            <configuration>                
                <property>
                    <name>mapred.compress.map.output</name>
                    <value>true</value>
                </property>
            </configuration>
            <script>${nameNode}/user/hadoop/oozie/apps/top10/top10.pig</script>
            <param>INPUT=${nameNode}/lab/oozie/custs</param>
            <param>OUTPUT=${nameNode}/lab/oozie/top10</param>
        </pig>
        <ok to="end"/>
        <error to="fail"/>
    </action>
    <kill name="fail">
        <message>Workflow failed, error message[${wf:errorMessage(wf:lastErrorNode())}]</message>
    </kill>
    <end name="end"/>
</workflow-app>
