<?xml version="1.0" encoding="UTF-8"?>
<?xml-stylesheet type="text/xsl" href="configuration.xsl"?>

<configuration>
  <property>
    <name>yarn.resourcemanager.address</name>
    <value>hadooplab.bigdataleap.com:8032</value>
  </property>
  <property>
    <name>yarn.resourcemanager.webapp.address</name>
    <value>hadooplab.bigdataleap.com:8088</value>
  </property>
  <property>
    <name>yarn.nodemanager.local-dirs</name>
    <value>/home/hadoop/lab/cluster/yarn/local</value>
  </property>
  <property>
    <name>yarn.nodemanager.remote-app-log-dir</name>
    <value>/home/hadoop/lab/cluster/yarn/remote</value>
  </property>
  <property>
    <name>yarn.nodemanager.log-dirs</name>
    <value>/home/hadoop/lab/cluster/yarn/logs</value>
  </property>
  <property>
    <name>yarn.nodemanager.resource.memory-mb</name>
    <value>3072</value>
  </property>
  <property>
    <name>yarn.nodemanager.aux-services</name>
    <value>mapreduce_shuffle</value>
  </property>
  <property>
    <name>yarn.nodemanager.aux-services.mapreduce.shuffle.class</name>
    <value>org.apache.hadoop.mapred.ShuffleHandler</value>
  </property>  
  <property>
    <name>yarn.scheduler.maximum-allocation-mb</name>
    <value>3072</value>
  </property>
  <property>
    <name>yarn.scheduler.minimum-allocation-mb</name>
    <value>300</value>
  </property>  
  <property>
   <name>yarn.nodemanager.vmem-check-enabled</name>
   <value>false</value>
  </property>
  <property>
   <name>yarn.log.server.url</name>
   <value>http://hadooplab.bigdataleap.com:19888/jobhistory/logs</value>
  </property>
  <property>
    <name>yarn.nodemanager.vmem-pmem-ratio</name>
    <value>4</value>
  </property>
</configuration>

